preferenceID,frequency,styleID,memberID
1,21,22,1
2,10,6,2
3,10,18,3
4,3,22,4
5,9,24,5
6,6,20,6
7,2,14,7
8,3,20,8
9,8,24,9
10,4,25,10
11,10,3,11
12,1,7,12
13,1,27,12
14,17,9,13
15,8,4,14
16,2,23,15
17,8,6,16
18,1,23,17
19,10,8,18
20,13,12,18
21,8,9,19
22,1,2,20
23,10,19,21
24,8,22,22
25,5,1,23
26,20,8,24
27,21,12,24
28,23,7,25
29,21,27,25
30,6,1,26
31,7,24,27
32,4,20,28
33,12,12,29
34,7,10,30
35,8,23,31
36,6,29,32
37,6,12,33
38,3,22,34
39,15,9,35
40,1,8,36
41,1,12,36
42,1,5,37
43,9,5,38
44,1,6,39
45,5,13,40
46,10,23,41
47,1,7,42
48,1,27,42
49,16,27,43
50,9,9,44
51,8,3,45
52,17,24,46
53,2,24,47
54,2,29,48
55,6,26,49
56,2,10,50
57,2,18,51
58,10,24,52
59,10,16,53
60,13,17,53
61,9,19,54
62,5,11,55
63,4,9,56
64,1,18,57
65,10,15,58
66,3,16,59
67,3,17,59
68,7,27,60
69,24,21,61
70,1,30,62
71,8,24,63
72,6,18,64
73,8,7,65
74,10,27,65
75,7,13,66
76,9,19,67
77,8,6,68
78,4,21,69
79,1,2,70
80,10,10,71
81,4,13,72
82,18,9,73
83,7,25,74
84,1,25,75
85,6,2,76
86,1,6,77
87,8,16,78
88,10,17,78
89,9,24,79
90,10,8,80
91,13,12,80
92,10,23,81
93,2,1,82
94,10,23,83
95,21,23,84
96,4,9,85
97,5,19,86
98,5,27,87
99,5,1,88
100,9,30,89
101,1,16,90
102,1,17,90
103,10,1,91
104,1,12,92
105,3,16,93
106,3,17,93
107,5,15,94
108,3,6,95
109,9,7,96
110,11,27,96
111,9,28,97
112,2,27,98
113,10,26,99
114,13,9,100
115,2,12,101
116,3,16,102
117,3,17,102
118,8,14,103
119,8,20,104
120,3,3,105
121,6,12,106
122,7,6,107
123,2,20,108
124,10,8,109
125,13,12,109
126,1,3,110
127,23,15,111
128,8,18,112
129,2,29,113
130,10,22,114
131,23,29,115
132,6,26,116
133,4,9,117
134,7,21,118
135,16,20,119
136,9,1,120
137,6,22,121
138,1,28,122
139,1,6,123
140,9,18,124
141,5,24,125
142,5,29,126
143,10,25,127
144,10,20,128
145,10,27,129
146,6,14,130
147,2,27,131
148,6,20,132
149,10,29,133
150,2,9,134
151,4,3,135
152,3,13,136
153,7,23,137
154,16,20,138
155,8,29,139
156,3,29,140
157,15,27,141
158,20,9,142
159,12,1,143
160,4,24,144
161,10,12,145
162,2,5,146
163,1,25,147
164,5,21,148
165,9,27,149
166,6,12,150
167,7,25,151
168,7,18,152
169,3,29,153
170,12,28,154
171,9,9,155
172,16,11,156
173,2,16,157
174,2,17,157
175,23,29,158
176,3,8,159
177,3,12,159
178,10,1,160
179,5,8,161
180,6,12,161
181,5,24,162
182,8,29,163
183,11,16,164
184,14,17,164
185,3,17,165
186,18,9,166
187,8,24,167
188,9,14,168
189,5,26,169
190,17,24,170
191,2,16,171
192,2,17,171
193,10,28,172
194,9,26,173
195,8,24,174
196,2,7,175
197,2,27,175
198,11,30,176
199,1,22,177
200,8,22,178
201,2,7,179
202,2,27,179
203,15,13,180
204,7,6,181
205,2,27,182
206,3,11,183
207,1,23,184
208,5,6,185
209,16,2,186
210,8,13,187
211,5,15,188
212,18,27,189
213,4,14,190
214,7,13,191
215,5,25,192
216,4,9,193
217,9,2,194
218,9,29,195
219,2,5,196
220,3,5,197
221,24,10,198
222,4,5,199
223,7,7,200
224,9,27,200
225,3,30,201
226,4,27,202
227,6,12,203
228,2,7,204
229,2,27,204
230,10,14,205
231,8,11,206
232,5,21,207
233,3,20,208
234,10,28,209
235,8,12,210
236,1,4,211
237,8,10,212
238,1,14,213
239,3,11,214
240,9,29,215
241,4,23,216
242,3,12,217
243,4,10,218
244,3,20,219
245,7,11,220
246,9,11,221
247,10,9,222
248,1,29,223
249,10,1,224
250,22,13,225
251,5,7,226
252,6,27,226
253,7,25,227
254,7,10,228
255,4,25,229
256,7,3,230
257,6,6,231
258,8,17,232
259,8,7,233
260,10,27,233
261,7,18,234
262,19,3,235
263,9,8,236
264,11,12,236
265,6,13,237
266,11,11,238
267,7,4,239
268,3,25,240
269,2,13,241
270,8,27,242
271,5,13,243
272,18,3,244
273,7,17,245
274,8,30,246
275,7,18,247
276,6,15,248
277,5,1,249
278,1,1,250
279,5,30,251
280,10,16,252
281,13,17,252
282,5,27,253
283,5,6,254
284,7,26,255
285,7,15,256
286,1,18,257
287,2,28,258
288,1,19,259
289,10,20,260
290,6,18,261
291,4,9,262
292,7,22,263
293,6,8,264
294,7,12,264
295,6,18,265
296,4,5,266
297,1,26,267
298,7,18,268
299,9,16,269
300,11,17,269
301,4,17,270
302,4,28,271
303,6,30,272
304,9,18,273
305,2,17,274
306,20,26,275
307,8,24,276
308,5,18,277
309,2,8,278
310,2,12,278
311,6,30,279
312,4,1,280
313,2,6,281
314,11,27,282
315,2,8,283
316,2,12,283
317,4,30,284
318,1,6,285
319,24,14,286
320,1,4,287
321,10,28,288
322,9,18,289
323,9,25,290
324,3,10,291
325,10,26,292
326,2,1,293
327,6,8,294
328,7,12,294
329,5,20,295
330,17,18,296
331,5,14,297
332,4,8,298
333,5,12,298
334,2,21,299
335,3,1,300
336,1,23,1
337,4,22,2
338,11,27,3
339,1,24,4
340,2,2,5
341,7,29,6
342,9,28,7
343,6,1,8
344,5,29,9
345,10,23,10
346,10,26,11
347,10,3,12
348,2,15,13
349,5,7,14
350,6,27,14
351,2,13,15
352,6,25,16
353,17,30,17
354,4,6,18
355,6,10,19
356,7,22,20
357,2,12,21
358,6,5,22
359,1,5,23
360,4,3,24
361,9,25,25
362,7,18,26
363,3,14,27
364,10,5,28
365,8,22,29
366,13,5,30
367,7,22,31
368,5,3,32
369,1,27,33
370,10,1,34
371,8,28,35
372,6,15,36
373,7,4,37
374,7,15,38
375,5,3,39
376,10,22,40
377,1,9,41
378,7,20,42
379,2,11,43
380,8,27,44
381,10,23,45
382,9,23,46
383,7,23,47
384,6,26,48
385,2,14,49
386,1,29,50
387,22,22,51
388,1,25,52
389,9,19,53
390,6,20,54
391,19,12,55
392,2,25,56
393,10,17,57
394,8,10,58
395,9,29,59
396,1,8,60
397,1,12,60
398,9,6,61
399,13,16,62
400,16,17,62
401,15,23,63
402,5,20,64
403,8,15,65
404,4,27,66
405,6,25,67
406,14,10,68
407,20,20,69
408,2,14,70
409,8,15,71
410,1,3,72
411,20,4,73
412,8,21,74
413,9,4,75
414,3,10,76
415,14,10,77
416,1,19,78
417,3,12,79
418,9,21,80
419,21,3,81
420,16,30,82
421,9,26,83
422,7,7,84
423,9,27,84
424,4,24,85
425,7,18,86
426,8,19,87
427,1,20,88
428,3,3,89
429,5,10,90
430,5,17,91
431,1,3,92
432,6,6,93
433,8,17,94
434,6,28,95
435,6,17,96
436,10,19,97
437,2,28,98
438,8,18,99
439,4,3,100
440,7,9,101
441,8,29,102
442,3,1,103
443,11,13,104
444,4,2,105
445,7,15,106
446,7,25,107
447,6,5,108
448,1,20,109
449,17,6,110
450,5,26,111
451,10,10,112
452,1,3,113
453,9,8,114
454,11,12,114
455,7,5,115
456,15,24,116
457,1,11,117
458,5,3,118
459,3,14,119
460,20,29,120
461,3,7,121
462,3,27,121
463,1,24,122
464,2,16,123
465,2,17,123
466,5,24,124
467,6,21,125
468,13,3,126
469,1,3,127
470,6,27,128
471,8,3,129
472,9,30,130
473,8,28,131
474,6,23,132
475,17,10,133
476,2,28,134
477,17,1,135
478,7,5,136
479,3,5,137
480,2,25,138
481,4,18,139
482,9,23,140
483,4,30,141
484,3,26,142
485,5,14,143
486,1,14,144
487,6,28,145
488,10,10,146
489,2,23,147
490,11,23,148
491,12,4,149
492,2,2,150
493,1,9,151
494,1,17,152
495,18,13,153
496,9,30,154
497,6,13,155
498,10,27,156
499,2,23,157
500,17,17,158
501,6,25,159
502,8,20,160
503,6,6,161
504,4,18,162
505,1,28,163
506,5,21,164
507,1,1,165
508,1,16,166
509,1,17,166
510,7,20,167
511,5,2,168
512,6,22,169
513,1,6,170
514,12,14,171
515,10,17,172
516,6,5,173
517,9,14,174
518,3,25,175
519,5,1,176
520,10,9,177
521,1,1,178
522,7,23,179
523,5,18,180
524,5,7,181
525,6,27,181
526,5,20,182
527,14,19,183
528,2,4,184
529,6,29,185
530,21,3,186
531,1,28,187
532,9,18,188
533,1,22,189
534,8,24,190
535,3,11,191
536,4,28,192
537,1,24,193
538,22,16,194
539,21,17,194
540,3,1,195
541,2,10,196
542,2,29,197
543,6,14,198
544,1,2,199
545,8,17,200
546,8,26,201
547,9,11,202
548,2,24,203
549,7,3,204
550,2,6,205
551,19,17,206
552,6,7,207
553,7,27,207
554,4,6,208
555,8,12,209
556,5,20,210
557,9,19,211
558,24,9,212
559,1,7,213
560,1,27,213
561,8,12,214
562,10,23,215
563,4,20,216
564,8,7,217
565,10,27,217
566,2,26,218
567,19,12,219
568,7,29,220
569,8,25,221
570,5,27,222
571,3,24,223
572,6,16,224
573,7,17,224
574,6,20,225
575,1,26,226
576,3,18,227
577,9,24,228
578,8,12,229
579,16,28,230
580,8,11,231
581,24,6,232
582,21,6,233
583,22,20,234
584,1,25,235
585,10,26,236
586,5,18,237
587,9,14,238
588,10,27,239
589,9,15,240
590,4,1,241
591,3,16,242
592,3,17,242
593,10,21,243
594,11,16,244
595,14,17,244
596,1,22,245
597,3,1,246
598,21,21,247
599,4,8,248
600,5,12,248
601,6,28,301
602,14,27,302
603,9,23,303
604,1,2,304
605,5,17,305
606,22,24,306
607,1,8,307
608,1,12,307
609,3,23,308
610,6,27,309
611,14,10,310
612,3,1,311
613,3,26,312
614,4,1,313
615,3,24,314
616,3,1,315
617,3,20,316
618,15,17,317
619,6,20,318
620,6,11,319
621,1,27,320
622,8,15,321
623,9,26,322
624,8,16,323
625,10,17,323
626,6,23,324
627,3,9,325
628,3,12,326
629,5,16,327
630,6,17,327
631,6,10,328
632,8,5,329
633,7,25,330
634,1,8,331
635,1,12,331
636,6,19,332
637,3,23,333
638,3,24,334
639,2,17,335
640,5,29,336
641,5,1,337
642,7,19,338
643,10,19,339
644,21,11,340
645,5,12,341
646,8,3,342
647,3,2,343
648,10,1,344
649,7,13,345
650,20,23,346
651,10,2,347
652,8,15,348
653,3,15,349
654,4,2,350
655,22,20,351
656,12,16,352
657,15,17,352
658,14,4,353
659,3,23,354
660,3,22,355
661,7,24,356
662,3,11,357
663,9,19,358
664,6,15,359
665,4,28,360
666,8,5,361
667,6,13,362
668,5,13,363
669,7,18,364
670,4,8,365
671,5,12,365
672,2,7,366
673,2,27,366
674,1,12,367
675,5,7,368
676,6,27,368
677,1,26,369
678,4,30,370
679,7,25,371
680,4,11,372
681,6,25,373
682,6,12,374
683,24,25,375
684,1,15,376
685,7,27,377
686,11,5,378
687,7,11,379
688,8,25,380
689,6,18,381
690,5,14,382
691,6,1,383
692,6,23,384
693,16,22,385
694,5,13,386
695,4,4,387
696,9,17,388
697,5,28,389
698,9,9,390
699,7,16,391
700,9,17,391
701,3,14,392
702,4,29,393
703,2,30,394
704,3,1,395
705,8,9,396
706,7,24,397
707,11,24,398
708,1,1,399
709,3,1,400
710,6,27,401
711,3,2,402
712,5,23,403
713,6,28,404
714,5,22,405
715,3,16,406
716,3,17,406
717,6,14,407
718,3,3,408
719,1,21,409
720,9,8,410
721,11,12,410
722,5,19,411
723,1,21,412
724,6,20,413
725,7,20,414
726,17,24,415
727,8,25,416
728,5,17,417
729,2,28,418
730,4,8,419
731,5,12,419
732,7,26,420
733,10,26,421
734,6,9,422
735,7,5,423
736,5,2,424
737,10,17,425
738,24,23,426
739,6,10,427
740,1,13,428
741,8,14,429
742,3,23,430
743,3,7,431
744,3,27,431
745,6,24,432
746,10,11,433
747,10,24,434
748,4,14,435
749,2,25,436
750,22,1,437
751,4,23,438
752,9,5,439
753,5,1,440
754,1,5,441
755,4,18,442
756,11,28,443
757,1,4,444
758,9,22,445
759,8,24,446
760,1,7,447
761,1,27,447
762,10,20,448
763,1,15,449
764,4,20,450
765,8,16,451
766,10,17,451
767,10,17,452
768,3,4,453
769,10,8,454
770,13,12,454
771,1,6,455
772,2,27,456
773,7,25,457
774,8,7,458
775,10,27,458
776,9,27,459
777,7,3,460
778,2,21,461
779,4,9,462
780,6,13,463
781,3,12,464
782,3,24,465
783,10,23,466
784,5,3,467
785,4,21,468
786,5,29,469
787,8,17,470
788,10,16,471
789,13,17,471
790,9,29,472
791,5,17,473
792,7,12,474
793,3,12,475
794,9,29,476
795,1,6,477
796,10,26,478
797,24,23,479
798,2,13,480
799,4,18,481
800,6,21,482
801,4,22,483
802,10,21,484
803,22,21,485
804,10,25,486
805,4,17,487
806,10,26,488
807,20,26,489
808,7,5,490
809,9,18,491
810,6,28,492
811,5,13,493
812,8,12,494
813,12,22,495
814,3,28,496
815,3,28,497
816,3,18,498
817,4,10,499
818,8,16,500
819,10,17,500
820,3,26,501
821,10,12,502
822,21,22,503
823,4,30,504
824,7,8,505
825,9,12,505
826,2,3,506
827,7,19,507
828,1,8,508
829,1,12,508
830,8,15,509
831,15,4,510
832,2,6,511
833,8,9,512
834,5,29,513
835,8,14,514
836,10,27,515
837,10,6,516
838,14,1,517
839,6,26,518
840,3,15,519
841,10,11,520
842,2,7,521
843,2,27,521
844,2,23,522
845,1,28,523
846,2,15,524
847,6,12,525
848,7,2,526
849,4,21,527
850,5,11,528
851,5,24,529
852,1,12,530
853,1,16,531
854,1,17,531
855,9,18,532
856,1,13,533
857,1,22,534
858,8,19,535
859,7,23,536
860,4,20,537
861,10,20,538
862,10,12,539
863,23,24,540
864,5,7,541
865,6,27,541
866,1,8,542
867,1,12,542
868,8,12,543
869,2,9,544
870,3,3,545
871,4,10,546
872,4,17,547
873,10,11,548
874,3,17,549
875,10,9,550
876,9,1,551
877,1,28,552
878,16,8,553
879,20,12,553
880,10,18,554
881,10,3,555
882,7,11,556
883,5,11,557
884,21,5,558
885,4,13,559
886,1,29,560
887,1,17,561
888,9,19,562
889,5,26,563
890,15,29,564
891,10,22,565
892,8,28,566
893,21,27,567
894,1,22,568
895,7,28,569
896,7,18,570
897,7,4,571
898,6,19,572
899,3,12,573
900,5,5,574
901,2,12,575
902,7,27,576
903,1,23,577
904,6,6,578
905,6,15,579
906,7,16,580
907,9,17,580
908,1,1,581
909,3,19,582
910,9,18,583
911,2,29,584
912,10,15,585
913,11,27,586
914,1,19,587
915,9,21,588
916,23,19,589
917,1,3,590
918,7,8,591
919,9,12,591
920,16,16,592
921,20,17,592
922,1,15,593
923,24,16,594
924,21,17,594
925,7,10,595
926,3,5,596
927,2,3,597
928,3,8,598
929,3,12,598
930,1,4,599
931,4,19,600
932,5,22,301
933,3,16,302
934,3,17,302
935,4,18,303
936,18,9,304
937,15,3,305
938,2,10,306
939,9,29,307
940,5,18,308
941,14,5,309
942,7,11,310
943,5,15,311
944,2,13,312
945,10,2,313
946,4,23,314
947,14,20,315
948,7,12,316
949,23,10,317
950,10,9,318
951,4,13,319
952,1,14,320
953,1,4,321
954,3,2,322
955,1,19,323
956,2,6,324
957,5,17,325
958,11,9,326
959,22,2,327
960,7,30,328
961,7,2,329
962,2,27,330
963,9,24,331
964,5,29,332
965,3,25,333
966,7,11,334
967,4,28,335
968,9,18,336
969,8,30,337
970,9,7,338
971,11,27,338
972,12,23,339
973,4,10,340
974,1,4,341
975,4,10,342
976,10,30,343
977,2,15,344
978,22,8,345
979,21,12,345
980,5,16,346
981,6,17,346
982,4,4,347
983,4,1,348
984,9,17,349
985,4,5,350
986,22,2,351
987,1,19,352
988,10,12,353
989,5,22,354
990,10,9,355
991,4,4,356
992,2,25,357
993,9,20,358
994,7,19,359
995,6,3,360
996,7,18,361
997,1,26,362
998,9,7,363
999,11,27,363
1000,4,12,364
1001,4,6,365
1002,8,16,366
1003,10,17,366
1004,16,24,367
1005,8,20,368
1006,4,15,369
1007,6,17,370
1008,23,20,371
1009,6,15,372
1010,10,23,373
1011,4,30,374
1012,8,2,375
1013,3,3,376
1014,2,25,377
1015,10,18,378
1016,13,20,379
1017,3,5,380
1018,17,1,381
1019,14,28,382
1020,8,10,383
1021,10,24,384
1022,2,21,385
1023,10,18,386
1024,9,8,387
1025,11,12,387
1026,16,9,388
1027,6,9,389
1028,14,7,390
1029,18,27,390
1030,18,9,391
1031,6,29,392
1032,10,18,393
1033,7,15,394
1034,6,11,395
1035,6,17,396
1036,8,20,397
1037,5,17,398
1038,9,26,399
1039,9,15,400
1040,5,9,401
1041,5,5,402
1042,4,26,403
1043,9,7,404
1044,11,27,404
1045,2,29,405
1046,5,24,406
1047,5,5,407
1048,9,22,408
1049,7,12,409
1050,1,13,410
1051,10,17,411
1052,5,24,412
1053,4,6,413
1054,1,26,414
1055,6,11,415
1056,8,26,416
1057,5,4,417
1058,1,10,418
1059,8,15,419
1060,4,9,420
1061,10,17,421
1062,8,25,422
1063,9,20,423
1064,10,27,424
1065,14,24,425
1066,12,15,426
1067,21,27,427
1068,9,11,428
1069,9,13,429
1070,4,25,430
1071,10,22,431
1072,5,22,432
1073,3,16,433
1074,3,17,433
1075,4,26,434
1076,2,25,435
1077,4,29,436
1078,10,12,437
1079,7,25,438
1080,8,10,439
1081,3,30,440
1082,9,23,441
1083,22,20,442
1084,6,23,443
1085,9,13,444
1086,19,28,445
1087,18,17,446
1088,1,5,447
1089,3,28,448
1090,16,18,449
1091,8,25,450
1092,7,13,451
1093,4,15,452
1094,4,27,453
1095,7,28,454
1096,6,8,455
1097,7,12,455
1098,6,16,456
1099,7,17,456
1100,4,30,457
1101,9,18,458
1102,8,24,459
1103,4,2,460
1104,10,23,461
1105,8,29,462
1106,10,29,463
1107,2,4,464
1108,4,22,465
1109,9,12,466
1110,5,11,467
1111,18,16,468
1112,21,17,468
1113,5,14,469
1114,5,20,470
1115,2,15,471
1116,12,25,472
1117,7,8,473
1118,9,12,473
1119,11,5,474
1120,1,26,475
1121,3,28,476
1122,9,9,477
1123,2,7,478
1124,2,27,478
1125,4,29,479
1126,1,1,480
1127,9,2,481
1128,19,2,482
1129,7,21,483
1130,3,13,484
1131,3,26,485
1132,4,8,486
1133,5,12,486
1134,7,18,487
1135,6,16,488
1136,7,17,488
1137,6,18,489
1138,10,24,490
1139,22,10,491
1140,22,20,492
1141,21,9,493
1142,4,20,494
1143,10,6,495
1144,7,24,496
1145,9,5,497
1146,9,10,498
1147,10,1,499
1148,4,4,500
1149,5,3,501
1150,23,25,502
1151,23,26,503
1152,9,2,504
1153,8,11,505
1154,4,16,506
1155,5,17,506
1156,1,17,507
1157,1,23,508
1158,1,6,509
1159,5,13,510
1160,4,16,511
1161,5,17,511
1162,3,27,512
1163,10,24,513
1164,6,17,514
1165,7,18,515
1166,4,26,516
1167,2,9,517
1168,3,12,518
1169,6,18,519
1170,6,19,520
1171,3,2,521
1172,9,1,522
1173,7,9,523
1174,1,24,524
1175,4,5,525
1176,7,7,526
1177,9,27,526
1178,7,23,527
1179,4,27,528
1180,2,8,529
1181,2,12,529
1182,10,15,530
1183,8,1,531
1184,5,7,532
1185,6,27,532
1186,14,3,533
1187,10,24,534
1188,21,20,535
1189,5,21,536
1190,4,11,537
1191,10,4,538
1192,8,10,539
1193,3,28,540
1194,3,10,541
1195,20,5,542
1196,9,16,543
1197,11,17,543
1198,9,4,544
1199,13,29,545
1200,9,29,546
1201,1,1,547
1202,4,21,548
1203,3,21,549
1204,6,13,550
1205,7,24,551
1206,10,11,552
1207,7,21,553
1208,12,9,554
1209,3,6,555
1210,7,1,556
1211,6,4,557
1212,3,3,558
1213,8,9,559
1214,4,16,560
1215,5,17,560
1216,13,25,561
1217,7,7,562
1218,9,27,562
1219,3,16,563
1220,3,17,563
1221,4,15,564
1222,1,25,565
1223,8,3,566
1224,10,7,567
1225,8,1,568
1226,2,5,569
1227,9,30,570
1228,2,15,571
1229,9,21,572
1230,3,23,573
1231,2,25,574
1232,2,30,575
1233,3,21,576
1234,5,12,577
1235,10,20,578
1236,7,5,579
1237,7,1,580
1238,5,26,581
1239,6,30,582
1240,4,11,583
1241,11,2,584
1242,5,11,585
1243,15,22,586
1244,3,27,587
1245,9,2,588
1246,7,17,589
1247,19,22,590
1248,4,6,591
1249,9,27,592
1250,5,21,593
1251,2,1,594
1252,9,8,595
1253,11,12,595
1254,21,18,596
1255,22,5,597
1256,7,11,598
1257,6,6,599
1258,7,10,600
1259,7,12,301
1260,5,24,302
1261,2,1,303
1262,7,29,304
1263,1,13,305
1264,7,17,306
1265,8,30,307
1266,2,15,308
1267,2,16,309
1268,2,17,309
1269,4,17,310
1270,7,12,311
1271,6,6,312
1272,10,11,313
1273,9,30,314
1274,4,3,315
1275,9,27,316
1276,6,16,317
1277,3,13,318
1278,4,16,319
1279,5,17,319
1280,12,2,320
1281,6,8,321
1282,7,12,321
1283,1,1,322
1284,9,7,323
1285,11,27,323
1286,4,15,324
1287,2,3,325
1288,1,3,326
1289,24,30,327
1290,7,3,328
1291,19,20,329
1292,9,4,330
1293,2,3,331
1294,1,8,332
1295,1,12,332
1296,8,4,333
1297,10,16,334
1298,13,17,334
1299,1,18,335
1300,13,7,336
1301,16,27,336
1302,9,23,337
1303,6,24,338
1304,24,9,339
1305,7,21,340
1306,13,15,341
1307,2,17,342
1308,8,13,343
1309,2,18,344
1310,4,28,345
1311,2,21,346
1312,2,28,347
1313,9,30,348
1314,2,10,349
1315,1,18,350
1316,2,12,351
1317,5,15,352
1318,4,23,353
1319,8,29,354
1320,2,4,355
1321,1,5,356
1322,2,30,357
1323,3,1,358
1324,2,22,359
1325,6,19,360
1326,20,4,361
1327,6,7,362
1328,7,27,362
1329,9,23,363
1330,10,19,364
1331,5,28,365
1332,15,9,366
1333,3,5,367
1334,8,19,368
1335,9,12,369
1336,16,4,370
1337,14,2,371
1338,1,18,372
1339,5,10,373
1340,4,10,374
1341,3,12,375
1342,24,4,376
1343,8,22,377
1344,9,25,378
1345,7,23,379
1346,10,27,380
1347,10,24,381
1348,6,8,382
1349,7,12,382
1350,10,4,383
1351,6,12,384
1352,8,27,385
1353,2,16,386
1354,2,17,386
1355,4,24,387
1356,7,23,388
1357,2,13,389
1358,5,22,390
1359,8,12,391
1360,1,20,392
1361,1,23,393
1362,8,17,394
1363,6,10,395
1364,8,1,396
1365,20,19,397
1366,8,1,398
1367,7,14,399
1368,1,20,400
1369,3,8,401
1370,3,12,401
1371,5,10,402
1372,4,2,403
1373,1,18,404
1374,14,18,405
1375,10,5,406
1376,5,28,407
1377,10,13,408
1378,9,23,409
1379,2,27,410
1380,2,20,411
1381,7,7,412
1382,9,27,412
1383,1,9,413
1384,1,18,414
1385,1,7,415
1386,1,27,415
1387,8,3,416
1388,4,19,417
1389,10,8,418
1390,13,12,418
1391,11,2,419
1392,2,10,420
1393,20,4,421
1394,2,8,422
1395,2,12,422
1396,7,27,423
1397,19,5,424
1398,4,30,425
1399,18,2,426
1400,6,8,427
1401,7,12,427
1402,6,7,428
1403,7,27,428
1404,4,21,429
1405,1,30,430
1406,8,23,431
1407,15,21,432
1408,9,29,433
1409,11,18,434
1410,8,15,435
1411,1,20,436
1412,2,5,437
1413,2,1,438
1414,1,8,439
1415,1,12,439
1416,6,22,440
1417,4,18,441
1418,6,19,442
1419,6,5,443
1420,8,26,444
1421,4,4,445
1422,9,23,446
1423,8,2,447
1424,5,23,448
1425,5,13,449
1426,3,11,450
1427,9,3,451
1428,17,26,452
1429,6,16,453
1430,7,17,453
1431,16,17,454
1432,13,15,455
1433,2,6,456
1434,6,5,457
1435,3,14,458
1436,3,30,459
1437,4,15,460
1438,9,14,461
1439,3,21,462
1440,5,26,463
1441,6,26,464
1442,1,26,465
1443,1,15,466
1444,2,16,467
1445,2,17,467
1446,7,28,468
1447,5,10,469
1448,5,1,470
1449,10,29,471
1450,8,11,472
1451,4,13,473
1452,2,10,474
1453,20,23,475
1454,23,5,476
1455,1,18,477
1456,10,1,478
1457,5,1,479
1458,10,16,480
1459,13,17,480
1460,5,19,481
1461,8,19,482
1462,1,25,483
1463,10,4,484
1464,18,28,485
1465,8,29,486
1466,5,20,487
1467,4,18,488
1468,7,21,489
1469,1,19,490
1470,7,11,491
1471,4,27,492
1472,10,20,493
1473,4,19,494
1474,9,30,495
1475,9,3,496
1476,3,20,497
1477,9,4,498
1478,7,4,499
1479,4,26,500
1480,20,28,501
1481,1,3,502
1482,10,29,503
1483,3,24,504
1484,2,16,505
1485,2,17,505
1486,9,4,506
1487,10,9,507
1488,3,13,508
1489,2,17,509
1490,5,18,510
1491,21,19,511
1492,8,16,512
1493,10,17,512
1494,10,15,513
1495,8,4,514
1496,8,21,515
1497,9,20,516
1498,1,14,517
1499,9,18,518
1500,10,2,519
1501,23,2,520
1502,10,3,521
1503,6,13,522
1504,3,1,523
1505,5,16,524
1506,6,17,524
1507,5,23,525
1508,10,1,526
1509,3,2,527
1510,6,5,528
1511,5,21,529
1512,4,1,530
1513,7,23,531
1514,2,5,532
1515,2,15,533
1516,5,19,534
1517,5,9,535
1518,4,2,536
1519,3,21,537
1520,7,14,538
1521,2,2,539
1522,4,10,540
1523,10,2,541
1524,3,10,542
1525,7,6,543
1526,8,28,544
1527,14,20,545
1528,24,9,546
1529,6,29,547
1530,11,4,548
1531,8,15,549
1532,1,30,550
1533,6,26,551
1534,1,8,552
1535,1,12,552
1536,5,18,553
1537,1,15,554
1538,4,27,555
1539,1,3,556
1540,8,7,557
1541,10,27,557
1542,10,19,558
1543,3,12,559
1544,6,2,560
1545,24,24,561
1546,3,28,562
1547,7,7,563
1548,9,27,563
1549,5,27,564
1550,10,18,565
1551,2,5,566
1552,8,26,567
1553,21,12,568
1554,3,24,569
1555,6,15,570
1556,9,19,571
1557,5,29,572
1558,1,11,573
1559,6,17,574
1560,16,24,575
1561,8,15,576
1562,6,18,577
1563,17,8,578
1564,21,12,578
1565,3,8,579
1566,3,12,579
1567,9,10,580
1568,6,24,581
1569,4,2,582
1570,5,28,583
1571,4,12,584
1572,5,4,585
1573,18,21,586
1574,5,18,587
1575,16,27,588
1576,10,22,589
1577,2,27,590
1578,9,7,591
1579,11,27,591
1580,5,10,592
1581,7,6,593
1582,10,4,594
1583,4,14,595
1584,24,29,596
1585,9,28,597
1586,10,30,598
1587,4,1,599
1588,6,22,600
1589,1,30,301
1590,23,26,302
1591,5,5,303
1592,2,26,304
1593,2,16,305
1594,10,2,306
1595,7,18,307
1596,12,25,308
1597,10,29,309
1598,9,20,310
1599,5,22,311
1600,21,8,312
1601,21,12,312
1602,5,12,313
1603,1,26,314
1604,10,17,315
1605,6,29,316
1606,8,2,317
1607,16,5,318
1608,5,7,319
1609,6,27,319
1610,1,16,320
1611,1,17,320
1612,9,26,321
1613,8,19,322
1614,10,2,323
1615,2,14,324
1616,4,10,325
1617,2,27,326
1618,6,9,327
1619,18,22,328
1620,1,1,329
1621,1,18,330
1622,1,19,331
1623,2,9,332
1624,4,12,333
1625,6,14,334
1626,2,20,335
1627,10,28,336
1628,4,14,337
1629,20,22,338
1630,3,3,339
1631,1,3,340
1632,2,10,341
1633,6,25,342
1634,4,21,343
1635,2,3,344
1636,11,30,345
1637,13,14,346
1638,3,21,347
1639,3,17,348
1640,7,26,349
1641,10,9,350
1642,8,8,351
1643,2,22,352
1644,3,20,353
1645,7,17,354
1646,2,16,355
1647,2,17,355
1648,7,22,356
1649,9,3,357
1650,1,8,358
1651,1,12,358
1652,16,28,359
1653,4,8,360
1654,5,12,360
1655,6,14,361
1656,21,14,362
1657,1,8,363
1658,1,12,363
1659,23,13,364
1660,23,19,365
1661,1,29,366
1662,4,26,367
1663,7,3,368
1664,24,13,369
1665,10,6,370
1666,9,4,371
1667,7,14,372
1668,6,7,373
1669,7,27,373
1670,9,16,374
1671,11,17,374
1672,4,13,375
1673,9,8,376
1674,11,12,376
1675,4,14,377
1676,7,7,378
1677,9,27,378
1678,1,15,379
1679,5,28,380
1680,9,12,381
1681,5,3,382
1682,7,29,383
1683,1,13,384
1684,1,29,385
1685,5,8,386
1686,6,12,386
1687,6,14,387
1688,7,2,388
1689,4,23,389
1690,21,17,390
1691,7,10,391
1692,3,10,392
1693,2,6,393
1694,1,20,394
1695,10,7,395
1696,13,27,395
1697,1,16,396
1698,10,17,397
1699,7,25,398
1700,4,23,399
1701,4,10,400
1702,10,1,401
1703,5,7,402
1704,6,27,402
1705,9,8,403
1706,11,12,403
1707,10,23,404
1708,1,11,405
1709,6,3,406
1710,10,16,407
1711,13,17,407
1712,2,10,408
1713,6,1,409
1714,13,10,410
1715,7,10,411
1716,1,18,412
1717,10,29,413
1718,1,16,414
1719,1,17,414
1720,5,10,415
1721,2,28,416
1722,8,14,417
1723,7,5,418
1724,10,20,419
1725,7,12,420
1726,8,22,421
1727,19,3,422
1728,5,15,423
1729,10,7,424
1730,5,14,425
1731,4,20,426
1732,6,7,427
1733,4,8,428
1734,5,12,428
1735,13,23,429
1736,6,6,430
1737,9,9,431
1738,20,30,432
1739,9,5,433
1740,3,15,434
1741,2,9,435
1742,2,28,436
1743,8,11,437
1744,8,26,438
1745,5,25,439
1746,3,19,440
1747,9,4,441
1748,10,3,442
1749,8,24,443
1750,8,22,444
1751,2,25,445
1752,13,22,446
1753,2,10,447
1754,11,26,448
1755,8,8,449
1756,10,12,449
1757,6,1,450
1758,9,18,451
1759,8,5,452
1760,4,21,453
1761,1,2,454
1762,8,10,455
1763,7,18,456
1764,1,21,457
1765,6,13,458
1766,12,15,459
1767,7,12,460
1768,1,30,461
1769,3,30,462
1770,3,6,463
1771,24,10,464
1772,2,4,465
1773,2,21,466
1774,3,6,467
1775,5,27,468
1776,4,28,469
1777,1,3,470
1778,1,21,471
1779,20,5,472
1780,8,10,473
1781,3,26,474
1782,5,18,475
1783,21,12,476
1784,10,14,477
1785,10,30,478
1786,15,13,479
1787,6,8,480
1788,7,12,480
1789,1,15,481
1790,9,15,482
1791,8,16,483
1792,10,17,483
1793,15,26,484
1794,20,25,485
1795,2,3,486
1796,5,28,487
1797,3,1,488
1798,8,3,489
1799,20,6,490
1800,2,26,491
1801,8,11,492
1802,2,16,493
1803,2,17,493
1804,3,26,494
1805,6,25,495
1806,8,19,496
1807,20,12,497
1808,6,11,498
1809,10,5,499
1810,19,5,500
1811,4,21,501
1812,17,24,502
1813,5,16,503
1814,6,17,503
1815,7,5,504
1816,8,9,505
1817,6,9,506
1818,4,16,507
1819,13,26,508
1820,9,23,509
1821,10,9,510
1822,7,20,511
1823,6,23,512
1824,8,6,513
1825,8,25,514
1826,7,15,515
1827,10,23,516
1828,10,12,517
1829,24,14,518
1830,17,13,519
1831,5,7,520
1832,6,27,520
1833,21,9,521
1834,8,26,522
1835,1,2,523
1836,1,1,524
1837,9,27,525
1838,4,3,526
1839,24,29,527
1840,7,25,528
1841,1,25,529
1842,4,29,530
1843,7,11,531
1844,12,14,532
1845,8,26,533
1846,18,27,534
1847,9,11,535
1848,1,25,536
1849,1,30,537
1850,9,22,538
1851,9,26,539
1852,16,23,540
1853,2,9,541
1854,4,29,542
1855,23,27,543
1856,5,27,544
1857,1,12,545
1858,6,22,546
1859,3,5,547
1860,12,23,548
1861,7,7,549
1862,9,27,549
1863,12,7,550
1864,15,27,550
1865,1,28,551
1866,10,20,552
1867,10,4,553
1868,5,5,554
1869,7,29,555
1870,24,2,556
1871,14,13,557
1872,1,21,558
1873,20,11,559
1874,16,6,560
1875,10,13,561
1876,7,10,562
1877,9,5,563
1878,1,5,564
1879,7,20,565
1880,13,6,566
1881,5,13,567
1882,3,7,568
1883,3,27,568
1884,4,7,569
1885,5,27,569
1886,8,29,570
1887,2,14,571
1888,10,8,572
1889,13,12,572
1890,2,27,573
1891,7,4,574
1892,6,5,575
1893,8,22,576
1894,2,8,577
1895,9,14,578
1896,10,20,579
1897,8,30,580
1898,4,29,581
1899,2,25,582
1900,5,15,583
1901,2,5,584
1902,23,13,585
1903,3,3,586
1904,20,16,587
1905,21,17,587
1906,2,16,588
1907,2,17,588
1908,1,11,589
1909,8,28,590
1910,2,5,591
1911,5,6,592
1912,6,26,593
1913,10,26,594
1914,5,17,595
1915,10,22,596
1916,9,14,597
1917,1,15,598
1918,8,10,599
1919,19,13,600
1920,19,20,301
1921,23,21,302
1922,9,22,303
1923,9,17,304
1924,7,7,305
1925,9,27,305
1926,8,14,306
1927,1,19,307
1928,2,28,308
1929,15,25,309
1930,6,25,310
1931,6,18,311
1932,7,14,312
1933,5,16,313
1934,6,17,313
1935,21,8,314
1936,21,12,314
1937,3,27,315
1938,1,15,316
1939,1,27,317
1940,4,21,318
1941,6,12,319
1942,5,30,320
1943,8,23,321
1944,11,16,322
1945,14,17,322
1946,2,6,323
1947,17,17,324
1948,4,8,325
1949,5,12,325
1950,6,21,326
1951,14,5,327
1952,2,23,328
1953,22,3,329
1954,22,12,330
1955,4,17,331
1956,1,14,332
1957,20,20,333
1958,5,6,334
1959,3,22,335
1960,10,14,336
1961,3,3,337
1962,8,25,338
1963,2,17,339
1964,9,5,340
1965,10,23,341
1966,4,11,342
1967,11,29,343
1968,8,8,344
1969,10,12,344
1970,8,10,345
1971,24,4,346
1972,18,30,347
1973,3,18,348
1974,2,13,349
1975,14,16,350
1976,18,17,350
1977,20,16,351
1978,21,17,351
1979,5,20,352
1980,1,22,353
1981,8,5,354
1982,14,27,355
1983,1,20,356
1984,8,10,357
1985,2,24,358
1986,10,27,359
1987,9,10,360
1988,1,6,361
1989,7,21,362
1990,1,25,363
1991,10,26,364
1992,9,13,365
1993,7,24,366
1994,7,22,367
1995,5,15,368
1996,3,18,369
1997,5,20,370
1998,8,23,371
1999,10,27,372
2000,3,28,373
2001,4,1,601
2002,10,5,602
2003,1,3,603
2004,7,2,604
2005,1,19,605
2006,24,28,606
2007,10,29,607
2008,9,9,608
2009,10,14,609
2010,2,27,610
2011,4,15,611
2012,9,21,612
2013,8,30,613
2014,12,25,614
2015,23,16,615
2016,21,17,615
2017,20,27,616
2018,3,30,617
2019,8,21,618
2020,7,1,619
2021,4,8,620
2022,5,12,620
2023,2,8,621
2024,2,12,621
2025,4,10,622
2026,1,7,623
2027,1,27,623
2028,10,28,624
2029,6,29,625
2030,3,27,626
2031,3,26,627
2032,5,26,628
2033,1,10,629
2034,7,23,630
2035,5,30,631
2036,3,12,632
2037,7,7,633
2038,9,27,633
2039,4,1,634
2040,9,5,635
2041,5,23,636
2042,4,3,637
2043,7,4,638
2044,2,2,639
2045,4,2,640
2046,10,1,641
2047,3,21,642
2048,2,13,643
2049,2,4,644
2050,9,11,645
2051,6,24,646
2052,10,25,647
2053,6,26,648
2054,4,9,649
2055,10,26,650
2056,5,8,651
2057,6,12,651
2058,6,5,652
2059,3,17,653
2060,1,6,654
2061,22,10,655
2062,9,8,656
2063,11,12,656
2064,17,3,657
2065,15,11,658
2066,7,25,659
2067,21,3,660
2068,9,11,661
2069,9,21,662
2070,9,26,663
2071,8,10,664
2072,1,18,665
2073,10,27,666
2074,10,7,667
2075,13,27,667
2076,24,12,668
2077,1,13,669
2078,19,13,670
2079,10,5,671
2080,1,13,672
2081,9,8,673
2082,11,12,673
2083,4,5,674
2084,24,23,675
2085,9,10,676
2086,19,6,677
2087,5,22,678
2088,1,14,679
2089,4,15,680
2090,10,18,681
2091,5,4,682
2092,8,22,683
2093,9,15,684
2094,10,6,685
2095,9,25,686
2096,1,19,687
2097,20,6,688
2098,18,12,689
2099,2,25,690
2100,9,6,691
2101,5,1,692
2102,5,25,693
2103,4,19,694
2104,9,12,695
2105,8,3,696
2106,14,20,697
2107,16,28,698
2108,6,27,699
2109,11,2,700
2110,9,17,601
2111,3,27,602
2112,8,7,603
2113,10,27,603
2114,1,11,604
2115,9,7,605
2116,11,27,605
2117,2,19,606
2118,1,2,607
2119,6,4,608
2120,17,2,609
2121,10,11,610
2122,6,12,611
2123,6,7,612
2124,7,27,612
2125,8,21,613
2126,6,7,614
2127,7,27,614
2128,8,3,615
2129,11,9,616
2130,7,27,617
2131,5,1,618
2132,1,12,619
2133,8,26,620
2134,8,6,621
2135,3,26,622
2136,12,3,623
2137,6,10,624
2138,22,26,625
2139,7,9,626
2140,7,2,627
2141,5,21,628
2142,8,20,629
2143,7,4,630
2144,8,12,631
2145,4,5,632
2146,1,19,633
2147,5,8,634
2148,6,12,634
2149,8,10,635
2150,9,12,636
2151,11,26,637
2152,9,1,638
2153,5,24,639
2154,8,10,640
2155,7,3,641
2156,3,16,642
2157,3,17,642
2158,3,19,643
2159,9,22,644
2160,3,30,645
2161,1,11,646
2162,5,11,647
2163,2,20,648
2164,11,24,649
2165,15,11,650
2166,6,25,651
2167,4,10,652
2168,6,9,653
2169,7,21,654
2170,6,17,655
2171,6,30,656
2172,6,25,657
2173,4,17,658
2174,24,8,659
2175,21,12,659
2176,2,14,660
2177,9,18,661
2178,4,8,662
2179,5,12,662
2180,2,25,663
2181,2,13,664
2182,7,10,665
2183,2,17,666
2184,2,20,667
2185,5,6,668
2186,5,27,669
2187,1,10,670
2188,7,22,671
2189,15,9,672
2190,6,11,673
2191,18,15,674
2192,4,26,675
2193,3,18,676
2194,1,21,677
2195,13,9,678
2196,6,27,679
2197,1,25,680
2198,19,4,681
2199,3,10,682
2200,2,18,683
2201,6,19,684
2202,10,14,685
2203,16,2,686
2204,7,15,687
2205,3,21,688
2206,2,23,689
2207,4,27,690
2208,23,4,691
2209,1,25,692
2210,5,22,693
2211,7,26,694
2212,8,25,695
2213,3,21,696
2214,8,12,697
2215,18,24,698
2216,6,26,699
2217,1,7,700
2218,1,27,700
2219,4,20,601
2220,4,13,602
2221,3,25,603
2222,10,6,604
2223,1,30,605
2224,18,5,606
2225,7,16,607
2226,9,17,607
2227,7,14,608
2228,2,26,609
2229,4,13,610
2230,1,30,611
2231,5,18,612
2232,10,23,613
2233,18,12,614
2234,7,30,615
2235,9,26,616
2236,5,20,617
2237,16,28,618
2238,10,24,619
2239,3,13,620
2240,3,28,621
2241,8,18,622
2242,7,11,623
2243,1,30,624
2244,8,19,625
2245,13,17,626
2246,7,28,627
2247,7,6,628
2248,9,13,629
2249,4,6,630
2250,11,20,631
2251,2,30,632
2252,2,23,633
2253,1,16,634
2254,1,17,634
2255,13,8,635
2256,16,12,635
2257,10,30,636
2258,7,8,637
2259,9,12,637
2260,12,30,638
2261,10,27,639
2262,8,25,640
2263,4,30,641
2264,12,19,642
2265,3,29,643
2266,6,19,644
2267,3,20,645
2268,7,17,646
2269,9,20,647
2270,4,17,648
2271,6,20,649
2272,15,1,650
2273,2,9,651
2274,15,21,652
2275,10,13,653
2276,1,8,654
2277,1,12,654
2278,9,21,655
2279,8,1,656
2280,10,2,657
2281,8,15,658
2282,7,24,659
2283,6,30,660
2284,9,17,661
2285,10,29,662
2286,5,29,663
2287,9,3,664
2288,3,23,665
2289,3,18,666
2290,9,12,667
2291,3,28,668
2292,3,6,669
2293,8,6,670
2294,8,24,671
2295,3,23,672
2296,6,29,673
2297,4,7,674
2298,5,27,674
2299,6,27,675
2300,4,16,676
2301,5,17,676
2302,7,7,677
2303,9,27,677
2304,8,24,678
2305,2,30,679
2306,9,18,680
2307,3,5,681
2308,6,9,682
2309,3,24,683
2310,11,25,684
2311,22,11,685
2312,6,22,686
2313,3,7,687
2314,3,27,687
2315,10,9,688
2316,3,17,689
2317,13,21,690
2318,2,29,691
2319,5,26,692
2320,8,13,693
2321,7,14,694
2322,5,3,695
2323,13,22,696
2324,1,19,697
2325,3,19,698
2326,9,28,699
2327,7,29,700
2328,24,15,601
2329,6,17,602
2330,21,14,603
2331,3,25,604
2332,4,1,605
2333,2,30,606
2334,10,7,607
2335,13,27,607
2336,10,6,608
2337,5,11,609
2338,9,8,610
2339,11,12,610
2340,9,14,611
2341,12,13,612
2342,9,3,613
2343,1,18,614
2344,6,13,615
2345,7,7,616
2346,4,29,617
2347,18,22,618
2348,9,23,619
2349,15,20,620
2350,7,4,621
2351,1,22,622
2352,10,13,623
2353,10,19,624
2354,10,12,625
2355,8,12,626
2356,1,9,627
2357,7,9,628
2358,7,11,629
2359,11,28,630
2360,6,18,631
2361,4,22,632
2362,2,10,633
2363,10,9,634
2364,4,6,635
2365,1,17,636
2366,5,2,637
2367,6,9,638
2368,1,21,639
2369,9,21,640
2370,3,8,641
2371,3,12,641
2372,7,1,642
2373,22,20,643
2374,6,17,644
2375,9,16,645
2376,11,17,645
2377,9,5,646
2378,23,21,647
2379,9,21,648
2380,3,30,649
2381,3,12,650
2382,3,28,651
2383,9,26,652
2384,10,28,653
2385,6,20,654
2386,2,11,655
2387,2,28,656
2388,6,26,657
2389,8,23,658
2390,7,10,659
2391,19,11,660
2392,4,12,661
2393,5,18,662
2394,15,11,663
2395,5,19,664
2396,16,14,665
2397,1,5,666
2398,24,6,667
2399,8,11,668
2400,5,9,669
2401,7,8,670
2402,9,12,670
2403,5,3,671
2404,6,15,672
2405,16,4,673
2406,10,24,674
2407,7,19,675
2408,7,21,676
2409,8,23,677
2410,4,29,678
2411,1,18,679
2412,6,6,680
2413,9,10,681
2414,1,11,682
2415,6,1,683
2416,5,16,684
2417,6,17,684
2418,2,7,685
2419,2,27,685
2420,5,10,686
2421,2,20,687
2422,4,12,688
2423,1,15,689
2424,6,29,690
2425,4,13,691
2426,5,9,692
2427,1,6,693
2428,18,20,694
2429,5,6,695
2430,24,2,696
2431,17,29,697
2432,9,21,698
2433,7,30,699
2434,4,10,700
2435,9,2,601
2436,15,6,602
2437,1,26,603
2438,4,5,604
2439,2,23,605
2440,4,15,606
2441,3,10,607
2442,1,21,608
2443,3,29,609
2444,7,24,610
2445,7,9,611
2446,17,11,612
2447,12,12,613
2448,12,29,614
2449,8,22,615
2450,5,16,616
2451,6,17,616
2452,6,11,617
2453,8,10,618
2454,9,19,619
2455,8,15,620
2456,1,10,621
2457,16,29,622
2458,3,21,623
2459,3,8,624
2460,3,12,624
2461,10,25,625
2462,9,15,626
2463,16,8,627
2464,20,12,627
2465,11,28,628
2466,8,18,629
2467,3,16,630
2468,3,17,630
2469,2,21,631
2470,8,17,632
2471,7,13,633
2472,8,14,634
2473,11,17,635
2474,13,9,636
2475,5,10,637
2476,4,27,638
2477,1,10,639
2478,17,12,640
2479,11,19,641
2480,5,9,642
2481,3,25,643
2482,17,11,644
2483,9,9,645
2484,5,16,646
2485,4,7,647
2486,5,27,647
2487,9,28,648
2488,8,18,649
2489,4,20,650
2490,2,11,651
2491,7,22,652
2492,9,8,653
2493,11,12,653
2494,9,17,654
2495,8,19,655
2496,3,18,656
2497,5,23,657
2498,11,7,658
2499,14,27,658
2500,10,28,659
2501,7,2,660
2502,4,26,661
2503,10,19,662
2504,3,13,663
2505,7,1,664
2506,9,9,665
2507,6,19,666
2508,6,15,667
2509,6,9,668
2510,4,1,669
2511,13,25,670
2512,3,21,671
2513,10,6,672
2514,5,26,673
2515,22,2,674
2516,5,1,675
2517,2,28,676
2518,4,10,677
2519,3,10,678
2520,8,28,679
2521,2,28,680
2522,8,1,681
2523,7,19,682
2524,1,11,683
2525,22,2,684
2526,9,24,685
2527,2,13,686
2528,20,2,687
2529,5,11,688
2530,10,2,689
2531,2,22,690
2532,7,12,691
2533,3,21,692
2534,6,18,693
2535,1,11,694
2536,11,27,695
2537,5,16,696
2538,6,17,696
2539,2,25,697
2540,1,30,698
2541,9,20,699
2542,7,20,700
2543,24,18,601
2544,2,25,602
2545,7,28,603
2546,11,16,604
2547,14,17,604
2548,1,10,605
2549,4,3,606
2550,10,24,607
2551,7,28,608
2552,15,24,609
2553,2,10,610
2554,5,16,611
2555,6,17,611
2556,6,9,612
2557,6,13,613
2558,9,22,614
2559,1,18,615
2560,2,28,616
2561,10,21,617
2562,16,23,618
2563,9,21,619
2564,1,2,620
2565,9,15,621
2566,6,13,622
2567,7,23,623
2568,2,20,624
2569,4,20,625
2570,13,25,626
2571,8,13,627
2572,6,12,628
2573,12,6,629
2574,16,9,630
2575,6,8,631
2576,23,2,632
2577,8,17,633
2578,18,5,634
2579,4,19,635
2580,10,8,636
2581,7,30,637
2582,24,21,638
2583,5,3,639
2584,7,26,640
2585,10,11,641
2586,2,22,642
2587,6,23,643
2588,10,29,644
2589,8,8,645
2590,10,12,645
2591,9,14,646
2592,7,14,647
2593,8,2,648
2594,1,1,649
2595,1,15,650
2596,5,6,651
2597,7,1,652
2598,1,21,653
2599,4,10,654
2600,11,13,655
2601,16,24,656
2602,1,7,657
2603,1,27,657
2604,4,3,658
2605,24,15,659
2606,6,5,660
2607,10,19,661
2608,8,10,662
2609,5,27,663
2610,1,2,664
2611,2,6,665
2612,2,9,666
2613,7,30,667
2614,10,29,668
2615,8,19,669
2616,9,23,670
2617,9,29,671
2618,7,19,672
2619,10,19,673
2620,14,26,674
2621,10,9,675
2622,10,9,676
2623,22,14,677
2624,10,18,678
2625,6,21,679
2626,3,5,680
2627,7,29,681
2628,7,3,682
2629,14,7,683
2630,18,27,683
2631,16,9,684
2632,4,3,685
2633,3,17,686
2634,10,25,687
2635,4,2,688
2636,5,28,689
2637,15,5,690
2638,3,28,691
2639,6,24,692
2640,6,27,693
2641,5,23,694
2642,1,10,695
2643,5,8,696
2644,6,12,696
2645,6,8,697
2646,5,4,698
2647,10,29,699
2648,2,11,700
2649,17,27,601
2650,7,16,602
2651,21,19,603
2652,1,13,604
2653,10,16,605
2654,13,17,605
2655,10,10,606
2656,2,23,607
2657,1,29,608
2658,19,20,609
2659,6,16,610
2660,7,17,610
2661,15,29,611
2662,14,26,612
2663,2,20,613
2664,7,28,614
2665,11,14,615
2666,4,18,616
2667,7,2,617
2668,9,29,618
2669,9,11,619
2670,3,5,620
2671,8,1,621
2672,9,8,622
2673,11,12,622
2674,7,9,623
2675,8,27,624
2676,1,6,625
2677,3,5,626
2678,7,29,627
2679,9,30,628
2680,9,16,629
2681,11,17,629
2682,1,29,630
2683,21,9,631
2684,7,29,632
2685,13,20,633
2686,2,20,634
2687,10,18,635
2688,3,4,636
2689,10,4,637
2690,8,13,638
2691,21,4,639
2692,1,11,640
2693,7,9,641
2694,3,2,642
2695,5,22,643
2696,8,20,644
2697,6,13,645
2698,4,4,646
2699,1,22,647
2700,1,23,648
2701,3,17,649
2702,3,7,650
2703,3,27,650
2704,6,7,651
2705,7,27,651
2706,7,25,652
2707,23,14,653
2708,1,23,654
2709,9,26,655
2710,4,16,656
2711,5,17,656
2712,15,16,657
2713,19,17,657
2714,8,10,658
2715,14,26,659
2716,6,22,660
2717,2,27,661
2718,7,9,662
2719,2,30,663
2720,3,29,664
2721,5,16,665
2722,6,17,665
2723,6,15,666
2724,1,11,667
2725,9,30,668
2726,7,17,669
2727,10,16,670
2728,13,17,670
2729,13,10,671
2730,3,25,672
2731,6,6,673
2732,1,22,674
2733,8,21,675
2734,1,11,676
2735,5,28,677
2736,4,28,678
2737,4,26,679
2738,3,24,680
2739,7,9,681
2740,8,29,682
2741,21,4,683
2742,6,24,684
2743,1,29,685
2744,8,15,686
2745,18,30,687
2746,6,15,688
2747,4,5,689
2748,3,6,690
2749,5,17,691
2750,7,13,692
2751,1,23,693
2752,6,3,694
2753,6,20,695
2754,5,9,696
2755,5,9,697
2756,3,29,698
2757,6,3,699
2758,8,17,700
2759,1,28,601
2760,2,24,602
2761,10,10,603
2762,4,28,604
2763,6,2,605
2764,9,8,606
2765,11,12,606
2766,1,5,607
2767,7,19,608
2768,7,9,609
2769,1,7,610
2770,5,21,611
2771,8,10,612
2772,4,14,613
2773,2,19,614
2774,7,2,615
2775,5,24,616
2776,3,3,617
2777,12,3,618
2778,1,15,619
2779,11,22,620
2780,6,5,621
2781,24,24,622
2782,5,18,623
2783,18,3,624
2784,9,13,625
2785,7,30,626
2786,18,10,627
2787,7,14,628
2788,4,26,629
2789,10,30,630
2790,5,5,631
2791,5,11,632
2792,12,15,633
2793,4,2,634
2794,1,29,635
2795,7,26,636
2796,10,11,637
2797,10,26,638
2798,1,9,639
2799,10,9,640
2800,9,16,641
2801,11,17,641
2802,2,26,642
2803,2,11,643
2804,9,3,644
2805,7,5,645
2806,8,2,646
2807,8,16,647
2808,10,17,647
2809,3,29,648
2810,1,5,649
2811,6,22,650
2812,1,5,651
2813,10,6,652
2814,18,23,653
2815,1,13,654
2816,2,6,655
2817,5,13,656
2818,11,22,657
2819,14,19,658
2820,6,3,659
2821,4,9,660
2822,20,8,661
2823,23,1,662
2824,6,5,663
2825,5,20,664
2826,2,22,665
2827,4,29,666
2828,3,26,667
2829,2,8,668
2830,2,7,669
2831,8,2,670
2832,4,14,671
2833,3,5,672
2834,2,20,673
2835,8,16,674
2836,10,17,674
2837,4,13,675
2838,3,25,676
2839,8,3,677
2840,14,12,678
2841,20,10,679
2842,7,3,680
2843,5,26,681
2844,23,13,682
2845,18,10,683
2846,6,28,684
2847,4,13,685
2848,8,20,686
2849,4,26,687
2850,2,16,688
2851,2,17,688
2852,5,3,689
2853,2,18,690
2854,9,19,691
2855,4,28,692
2856,3,30,693
2857,7,5,694
2858,4,30,695
2859,4,11,696
2860,6,28,697
2861,2,5,698
2862,5,25,699
2863,21,24,700
2864,5,14,601
2865,7,19,602
2866,1,17,603
2867,13,24,604
2868,6,11,605
2869,7,11,606
2870,23,8,607
2871,21,12,607
2872,9,10,608
2873,2,30,609
2874,6,9,610
2875,12,10,611
2876,7,5,612
2877,3,5,613
2878,7,5,614
2879,6,29,615
2880,2,22,616
2881,7,4,617
2882,10,18,618
2883,6,16,619
2884,7,17,619
2885,22,9,620
2886,2,30,621
2887,2,6,622
2888,10,20,623
2889,8,15,624
2890,24,9,625
2891,4,2,626
2892,1,7,627
2893,1,27,627
2894,9,24,628
2895,7,23,629
2896,3,21,630
2897,14,16,631
2898,18,17,631
2899,14,3,632
2900,16,12,633
2901,4,6,634
2902,8,4,635
2903,4,21,636
2904,1,6,637
2905,9,3,638
2906,4,5,639
2907,8,28,640
2908,5,20,641
2909,10,29,642
2910,8,10,643
2911,17,9,644
2912,6,7,645
2913,7,27,645
2914,9,28,646
2915,10,12,647
2916,5,10,648
2917,8,3,649
2918,4,30,650
2919,5,21,651
2920,17,2,652
2921,3,10,653
2922,3,5,654
2923,5,27,655
2924,4,6,656
2925,5,5,657
2926,9,24,658
2927,10,9,659
2928,6,26,660
2929,1,21,661
2930,2,28,662
2931,14,21,663
2932,5,12,664
2933,8,7,665
2934,10,27,665
2935,10,23,666
2936,15,2,667
2937,3,1,668
2938,10,2,669
2939,22,19,670
2940,2,25,671
2941,9,21,672
2942,21,17,673
2943,3,29,674
2944,23,16,675
2945,21,17,675
2946,24,19,676
2947,5,11,677
2948,6,13,678
2949,23,29,679
2950,7,29,680
2951,4,16,681
2952,5,17,681
2953,4,23,682
2954,8,6,683
2955,7,4,684
2956,4,10,685
2957,8,3,686
2958,6,4,687
2959,1,29,688
2960,4,14,689
2961,6,2,690
2962,3,1,691
2963,8,29,692
2964,8,12,693
2965,20,17,694
2966,8,24,695
2967,7,6,696
2968,3,27,697
2969,8,13,698
2970,4,11,699
2971,8,25,700
2972,4,3,601
2973,4,1,602
2974,4,5,603
2975,8,27,604
2976,6,22,605
2977,3,22,606
2978,3,21,607
2979,2,1,608
2980,6,12,609
2981,1,22,610
2982,6,6,611
2983,11,14,612
2984,9,16,613
2985,11,17,613
2986,11,16,614
2987,14,17,614
2988,2,26,615
2989,6,30,616
2990,9,6,617
2991,13,13,618
2992,8,26,619
2993,8,7,620
2994,10,27,620
2995,5,20,621
2996,7,17,622
2997,10,10,623
2998,12,24,624
2999,9,24,625
3000,14,10,626
3001,10,17,627
3002,9,15,628
3003,5,4,629
3004,8,20,630
3005,8,26,631
3006,3,21,632
3007,5,28,633
3008,7,19,634
3009,1,2,635
3010,8,27,636
3011,2,1,637
3012,4,10,638
3013,3,22,639
3014,8,18,640
3015,2,14,641
3016,15,18,642
3017,14,1,643
3018,5,26,644
3019,15,2,645
3020,7,21,646
3021,2,28,647
3022,14,7,648
3023,18,27,648
3024,3,11,649
3025,8,23,650
3026,3,3,651
3027,10,30,652
3028,5,27,653
3029,10,2,654
3030,1,7,655
3031,17,15,656
3032,9,30,657
3033,9,22,658
3034,8,16,659
3035,10,17,659
3036,9,4,660
3037,22,28,661
3038,9,2,662
3039,1,23,663
3040,1,17,664
3041,6,3,665
3042,2,21,666
3043,16,28,667
3044,5,4,668
3045,10,24,669
3046,3,1,670
3047,4,19,671
3048,3,2,672
3049,2,15,673
3050,6,21,674
3051,4,10,675
3052,9,30,676
3053,19,9,677
3054,7,14,678
3055,20,5,679
3056,7,10,680
3057,5,14,681
3058,6,28,682
3059,1,8,683
3060,1,12,683
3061,6,23,684
3062,10,23,685
3063,9,23,686
3064,8,6,687
3065,1,14,688
3066,8,26,689
3067,1,10,690
3068,9,2,691
3069,9,18,692
3070,9,8,693
3071,1,30,694
3072,2,11,695
3073,9,28,696
3074,9,23,697
3075,4,1,698
3076,6,9,699
3077,7,9,700
3078,10,11,601
3079,17,9,602
3080,10,2,603
3081,5,22,604
3082,10,20,605
3083,5,18,606
3084,11,18,607
3085,5,27,608
3086,9,15,609
3087,5,3,610
3088,5,3,611
3089,18,12,612
3090,8,26,613
3091,2,23,614
3092,9,27,615
3093,5,14,616
3094,10,19,617
3095,22,19,618
3096,5,18,619
3097,4,29,620
3098,1,16,621
3099,1,17,621
3100,9,5,622
3101,3,5,623
3102,18,11,624
3103,17,4,625
3104,4,29,626
3105,3,21,627
3106,6,25,628
3107,1,25,629
3108,9,1,630
3109,17,29,631
3110,10,20,632
3111,14,4,633
3112,12,4,634
3113,8,1,635
3114,22,15,636
3115,2,27,637
3116,7,15,638
3117,5,19,639
3118,8,3,640
3119,5,21,641
3120,6,25,642
3121,6,5,643
3122,7,18,644
3123,1,24,645
3124,18,22,646
3125,7,1,647
3126,5,4,648
3127,21,6,649
3128,10,9,650
3129,4,10,651
3130,2,27,652
3131,3,19,653
3132,23,22,654
3133,23,30,655
3134,4,7,656
3135,5,27,656
3136,6,9,657
3137,7,26,658
3138,9,21,659
3139,8,8,660
3140,10,12,660
3141,7,25,661
3142,8,24,662
3143,5,9,663
3144,2,22,664
3145,1,20,665
3146,9,4,666
3147,2,8,667
3148,1,5,668
3149,10,30,669
3150,3,11,670
3151,5,23,671
3152,3,20,672
3153,5,5,673
3154,20,6,674
3155,2,30,675
3156,9,8,676
3157,11,12,676
3158,20,20,677
3159,3,23,678
3160,2,1,679
3161,6,21,680
3162,3,13,681
3163,9,18,682
3164,4,19,683
3165,9,14,684
3166,3,2,685
3167,6,16,686
3168,10,23,687
3169,6,25,688
3170,22,7,689
3171,21,27,689
3172,6,14,690
3173,22,24,691
3174,3,2,692
3175,10,9,693
3176,10,27,694
3177,9,4,695
3178,2,23,696
3179,7,1,697
3180,15,9,698
3181,8,24,699
3182,22,23,700
3183,2,26,601
3184,5,14,602
3185,10,1,603
3186,12,26,604
3187,8,4,605
3188,1,9,606
3189,3,13,607
3190,6,23,608
3191,4,1,609
3192,7,30,610
3193,1,7,611
3194,1,27,611
3195,7,20,612
3196,1,2,613
3197,22,20,614
3198,8,21,615
3199,20,2,616
3200,1,26,617
3201,1,9,618
3202,19,28,619
3203,1,28,620
3204,10,26,621
3205,1,27,622
3206,7,24,623
3207,2,22,624
3208,24,28,625
3209,9,16,626
3210,7,25,627
3211,3,19,628
3212,8,9,629
3213,3,11,630
3214,2,3,631
3215,7,18,632
3216,8,11,633
3217,3,22,634
3218,17,25,635
3219,1,3,636
3220,1,18,637
3221,9,7,638
3222,4,28,639
3223,2,8,640
3224,7,26,641
3225,4,6,642
3226,9,26,643
3227,7,7,644
3228,9,27,644
3229,7,1,645
3230,10,23,646
3231,9,8,647
3232,7,15,648
3233,5,29,649
3234,9,21,650
3235,15,2,651
3236,10,4,652
3237,2,18,653
3238,9,16,654
3239,9,20,655
3240,22,11,656
3241,2,28,657
3242,5,14,658
3243,6,18,659
3244,6,13,660
3245,4,24,661
3246,7,17,662
3247,1,18,663
3248,10,28,664
3249,3,5,665
3250,9,1,666
3251,15,21,667
3252,5,27,668
3253,8,16,669
3254,10,30,670
3255,8,30,671
3256,5,17,672
3257,3,9,673
3258,8,30,674
3259,14,14,675
3260,10,22,676
3261,6,2,677
3262,6,2,678
3263,24,22,679
3264,9,14,680
3265,9,23,681
3266,7,14,682
3267,16,25,683
3268,6,29,684
3269,15,19,685
3270,8,12,686
3271,2,1,687
3272,8,23,688
3273,16,1,689
3274,2,15,690
3275,2,10,691
3276,4,19,692
3277,1,26,693
3278,10,4,694
3279,3,9,695
3280,3,20,696
3281,11,11,697
3282,2,23,698
3283,9,12,699
3284,8,21,700
3285,10,5,601
3286,4,23,602
3287,2,15,603
3288,4,18,604
3289,2,24,605
3290,10,14,606
3291,12,20,607
3292,2,5,608
3293,4,4,609
3294,8,25,610
3295,1,26,611
3296,8,22,612
3297,1,6,613
3298,1,24,614
3299,9,7,615
3300,3,15,616
3301,18,16,617
3302,21,17,617
3303,7,17,618
3304,9,7,619
3305,11,27,619
3306,7,1,620
3307,3,22,621
3308,19,23,622
3309,10,17,623
3310,3,5,624
3311,1,23,625
3312,1,7,626
3313,16,11,627
3314,1,18,628
3315,4,29,629
3316,5,26,630
3317,10,6,631
3318,9,1,632
3319,5,2,633
3320,10,21,634
3321,20,27,635
3322,7,10,636
3323,10,28,637
3324,9,23,638
3325,8,30,639
3326,14,17,640
3327,4,28,641
3328,7,27,642
3329,8,2,643
3330,23,2,644
3331,3,3,645
3332,2,27,646
3333,10,24,647
3334,12,19,648
3335,5,16,649
3336,3,10,650
3337,13,24,651
3338,2,3,652
3339,6,26,653
3340,1,4,654
3341,7,14,655
3342,22,14,656
3343,8,21,657
3344,10,20,658
3345,3,11,659
3346,9,19,660
3347,10,9,661
3348,21,11,662
3349,2,10,663
3350,14,21,664
3351,5,29,665
3352,6,13,666
3353,6,24,667
3354,6,19,668
3355,9,15,669
3356,5,18,670
3357,3,16,671
3358,3,17,671
3359,1,7,672
3360,1,27,672
3361,1,28,673
3362,6,8,674
3363,7,12,674
3364,3,25,675
3365,7,3,676
3366,9,25,677
3367,6,27,678
3368,13,25,679
3369,10,1,680
3370,19,24,681
3371,7,2,682
3372,7,16,683
3373,9,17,683
3374,5,5,684
3375,7,20,685
3376,2,7,686
3377,2,27,686
3378,5,29,687
3379,7,3,688
3380,14,24,689
3381,20,3,690
3382,7,5,691
3383,20,20,692
3384,7,3,693
3385,7,9,694
3386,8,1,695
3387,3,10,696
3388,9,4,697
3389,8,6,698
3390,5,8,699
3391,4,22,700
3392,8,21,601
3393,14,8,602
3394,18,12,602
3395,6,18,603
3396,20,15,604
3397,24,5,605
3398,20,1,606
3399,3,19,607
3400,4,18,608
3401,7,1,701
3402,1,27,702
3403,9,13,703
3404,5,26,704
3405,10,25,705
3406,23,8,706
3407,21,12,706
3408,7,3,707
3409,4,12,708
3410,4,16,709
3411,5,17,709
3412,9,6,710
3413,5,17,711
3414,8,28,712
3415,10,10,713
3416,3,29,714
3417,1,2,715
3418,6,28,716
3419,21,20,717
3420,2,3,718
3421,8,2,719
3422,21,8,720
3423,21,12,720
3424,4,8,721
3425,5,12,721
3426,10,9,722
3427,3,18,723
3428,5,25,724
3429,1,30,725
3430,8,22,726
3431,7,10,727
3432,6,29,728
3433,14,18,729
3434,23,24,730
3435,2,30,731
3436,17,23,732
3437,6,13,733
3438,9,4,734
3439,3,22,735
3440,5,5,736
3441,3,27,737
3442,9,1,738
3443,5,3,739
3444,13,27,740
3445,23,1,741
3446,5,26,742
3447,23,22,743
3448,5,16,744
3449,6,17,744
3450,10,30,745
3451,5,4,746
3452,3,9,747
3453,3,21,748
3454,4,25,749
3455,2,28,750
3456,10,24,701
3457,4,22,702
3458,2,3,703
3459,1,28,704
3460,7,27,705
3461,4,18,706
3462,8,19,707
3463,6,1,708
3464,9,11,709
3465,6,5,710
3466,4,2,711
3467,6,22,712
3468,8,20,713
3469,10,14,714
3470,6,6,715
3471,3,1,716
3472,9,14,717
3473,4,12,718
3474,23,30,719
3475,12,26,720
3476,9,14,721
3477,10,7,722
3478,13,27,722
3479,9,17,723
3480,8,8,724
3481,10,12,724
3482,3,11,725
3483,9,8,726
3484,11,12,726
3485,8,27,727
3486,3,7,728
3487,3,27,728
3488,10,7,729
3489,13,27,729
3490,3,7,730
3491,3,27,730
3492,1,5,731
3493,7,28,732
3494,7,26,733
3495,4,16,734
3496,5,17,734
3497,9,30,735
3498,2,7,736
3499,2,27,736
3500,5,25,737
3501,7,5,738
3502,5,28,739
3503,3,29,740
3504,8,28,741
3505,4,24,742
3506,2,11,743
3507,7,28,744
3508,4,25,745
3509,6,14,746
3510,15,2,747
3511,6,13,748
3512,7,20,749
3513,19,18,750
3514,2,16,701
3515,2,17,701
3516,6,19,702
3517,20,23,703
3518,7,7,704
3519,9,27,704
3520,21,24,705
3521,5,21,706
3522,9,18,707
3523,17,15,708
3524,1,28,709
3525,19,22,710
3526,13,11,711
3527,9,30,712
3528,2,1,713
3529,17,19,714
3530,18,25,715
3531,4,22,716
3532,14,7,717
3533,18,27,717
3534,6,24,718
3535,2,24,719
3536,6,2,720
3537,9,16,721
3538,11,17,721
3539,10,20,722
3540,10,23,723
3541,7,3,724
3542,10,20,725
3543,17,28,726
3544,13,22,727
3545,6,5,728
3546,6,1,729
3547,1,17,730
3548,4,24,731
3549,8,14,732
3550,6,11,733
3551,5,30,734
3552,5,1,735
3553,1,9,736
3554,8,13,737
3555,11,25,738
3556,4,7,739
3557,5,27,739
3558,9,24,740
3559,6,2,741
3560,7,21,742
3561,6,27,743
3562,6,21,744
3563,4,24,745
3564,5,6,746
3565,9,6,747
3566,4,23,748
3567,24,27,749
3568,3,6,750
3569,13,15,701
3570,1,21,702
3571,10,12,703
3572,3,21,704
3573,7,3,705
3574,5,13,706
3575,4,8,707
3576,5,12,707
3577,9,22,708
3578,2,4,709
3579,2,8,710
3580,2,12,710
3581,15,23,711
3582,7,5,712
3583,8,15,713
3584,8,26,714
3585,10,30,715
3586,2,8,716
3587,2,12,716
3588,8,18,717
3589,2,1,718
3590,5,9,719
3591,8,5,720
3592,15,11,721
3593,2,1,722
3594,9,28,723
3595,2,11,724
3596,4,21,725
3597,15,3,726
3598,10,24,727
3599,4,18,728
3600,4,8,729
3601,5,12,729
3602,2,28,730
3603,8,17,731
3604,2,15,732
3605,8,3,733
3606,1,13,734
3607,1,6,735
3608,8,8,736
3609,10,12,736
3610,4,24,737
3611,10,28,738
3612,4,8,739
3613,5,12,739
3614,7,10,740
3615,10,23,741
3616,1,25,742
3617,4,24,743
3618,10,20,744
3619,9,2,745
3620,14,23,746
3621,10,8,747
3622,13,12,747
3623,23,1,748
3624,3,13,749
3625,9,1,750
3626,6,26,701
3627,9,15,702
3628,8,5,703
3629,3,8,704
3630,3,12,704
3631,3,30,705
3632,6,25,706
3633,6,11,707
3634,9,6,708
3635,3,20,709
3636,1,21,710
3637,6,6,711
3638,1,24,712
3639,4,7,713
3640,5,27,713
3641,3,1,714
3642,5,13,715
3643,6,4,716
3644,3,9,717
3645,1,11,718
3646,9,29,719
3647,8,1,720
3648,2,29,721
3649,1,16,722
3650,1,17,722
3651,13,7,723
3652,16,27,723
3653,13,16,724
3654,16,17,724
3655,2,12,725
3656,8,2,726
3657,3,8,727
3658,3,12,727
3659,5,9,728
3660,1,21,729
3661,22,12,730
3662,1,3,731
3663,5,29,732
3664,5,8,733
3665,6,12,733
3666,8,22,734
3667,8,18,735
3668,2,25,736
3669,5,16,737
3670,6,17,737
3671,8,8,738
3672,10,12,738
3673,1,20,739
3674,10,25,740
3675,6,22,741
3676,6,14,742
3677,4,17,743
3678,10,2,744
3679,8,13,745
3680,2,19,746
3681,3,10,747
3682,7,9,748
3683,5,12,749
3684,18,7,750
3685,21,27,750
3686,3,3,701
3687,3,12,702
3688,3,20,703
3689,23,5,704
3690,1,16,705
3691,1,17,705
3692,7,17,706
3693,6,22,707
3694,4,29,708
3695,8,9,709
3696,7,29,710
3697,3,28,711
3698,4,17,712
3699,10,2,713
3700,5,24,714
3701,8,24,715
3702,10,9,716
3703,13,30,717
3704,9,29,718
3705,1,23,719
3706,4,28,720
3707,4,7,721
3708,5,27,721
3709,4,18,722
3710,4,5,723
3711,4,24,724
3712,3,2,725
3713,2,23,726
3714,5,9,727
3715,1,17,728
3716,22,26,729
3717,4,20,730
3718,2,2,731
3719,13,12,732
3720,8,15,733
3721,7,11,734
3722,22,7,735
3723,21,27,735
3724,7,21,736
3725,2,12,737
3726,8,21,738
3727,4,25,739
3728,1,9,740
3729,11,7,741
3730,14,27,741
3731,10,19,742
3732,1,13,743
3733,6,14,744
3734,1,19,745
3735,11,8,746
3736,14,12,746
3737,3,7,747
3738,3,27,747
3739,7,15,748
3740,4,24,749
3741,3,30,750
3742,6,21,701
3743,7,1,702
3744,6,24,703
3745,1,22,704
3746,9,4,705
3747,5,5,706
3748,3,9,707
3749,7,2,708
3750,6,10,709
3751,4,17,710
3752,10,18,711
3753,1,27,712
3754,8,14,713
3755,13,25,714
3756,1,5,715
3757,7,24,716
3758,4,2,717
3759,8,15,718
3760,4,15,719
3761,3,20,720
3762,7,10,721
3763,10,14,722
3764,3,1,723
3765,5,21,724
3766,3,27,725
3767,23,26,726
3768,9,5,727
3769,2,10,728
3770,4,11,729
3771,4,16,730
3772,5,27,731
3773,20,10,732
3774,4,6,733
3775,20,7,734
3776,21,27,734
3777,16,15,735
3778,5,19,736
3779,10,18,737
3780,10,20,738
3781,5,30,739
3782,10,16,740
3783,13,17,740
3784,24,11,741
3785,7,16,742
3786,9,17,742
3787,7,7,743
3788,1,30,744
3789,5,16,745
3790,6,17,745
3791,9,1,746
3792,2,3,747
3793,7,25,748
3794,3,17,749
3795,1,8,750
3796,1,12,750
3797,3,8,701
3798,3,12,701
3799,3,6,702
3800,21,14,703
3801,3,16,704
3802,3,17,704
3803,9,13,705
3804,7,26,706
3805,7,6,707
3806,3,26,708
3807,1,26,709
3808,14,24,710
3809,16,13,711
3810,17,1,712
3811,22,6,713
3812,9,3,714
3813,5,1,715
3814,7,7,716
3815,9,27,716
3816,9,17,717
3817,7,18,718
3818,8,6,719
3819,1,14,720
3820,10,2,721
3821,7,10,722
3822,7,4,723
3823,5,26,724
3824,5,19,725
3825,24,27,726
3826,16,2,727
3827,3,11,728
3828,9,10,729
3829,3,15,730
3830,16,18,731
3831,10,21,732
3832,15,7,733
3833,19,27,733
3834,6,12,734
3835,5,28,735
3836,7,1,736
3837,7,29,737
3838,1,29,738
3839,6,1,739
3840,7,15,740
3841,1,17,741
3842,10,5,742
3843,23,3,743
3844,12,15,744
3845,10,6,745
3846,6,21,746
3847,4,4,747
3848,10,24,748
3849,4,23,749
3850,2,5,750
3851,9,14,701
3852,4,8,702
3853,9,27,703
3854,5,30,704
3855,2,26,705
3856,1,4,706
3857,24,14,707
3858,3,9,708
3859,18,12,709
3860,3,26,710
3861,7,19,711
3862,3,29,712
3863,5,9,713
3864,3,6,714
3865,6,29,715
3866,9,15,716
3867,2,16,717
3868,7,19,718
3869,8,18,719
3870,6,3,720
3871,1,25,721
3872,5,22,722
3873,6,6,723
3874,10,15,724
3875,1,13,725
3876,1,13,726
3877,4,20,727
3878,4,3,728
3879,2,15,729
3880,2,29,730
3881,3,15,731
3882,3,3,732
3883,2,16,733
3884,2,17,733
3885,8,14,734
3886,4,2,735
3887,2,10,736
3888,5,9,737
3889,8,16,738
3890,10,17,738
3891,6,29,739
3892,5,26,740
3893,5,24,741
3894,9,23,742
3895,2,19,743
3896,1,12,744
3897,10,12,745
3898,1,17,746
3899,14,24,747
3900,2,11,748
3901,17,26,749
3902,10,4,750
3903,1,5,701
3904,1,30,702
3905,1,2,703
3906,24,13,704
3907,2,21,705
3908,10,1,706
3909,7,7,707
3910,9,27,707
3911,19,24,708
3912,4,21,709
3913,9,7,710
3914,11,27,710
3915,24,3,711
3916,5,23,712
3917,9,11,713
3918,10,9,714
3919,2,4,715
3920,3,30,716
3921,23,6,717
3922,15,27,718
3923,8,19,719
3924,2,17,720
3925,7,5,721
3926,1,24,722
3927,2,3,723
3928,2,4,724
3929,6,17,725
3930,7,7,726
3931,14,23,727
3932,1,12,728
3933,3,20,729
3934,1,13,730
3935,3,19,731
3936,1,30,732
3937,5,4,733
3938,4,21,734
3939,7,4,735
3940,1,20,736
3941,2,28,737
3942,19,30,738
3943,1,23,739
3944,7,6,740
3945,4,8,741
3946,5,12,741
3947,7,4,742
3948,8,5,743
3949,9,23,744
3950,17,29,745
3951,7,22,746
3952,7,1,747
3953,6,29,748
3954,4,6,749
3955,6,24,750
3956,6,7,701
3957,7,27,701
3958,4,26,702
3959,6,6,703
3960,9,23,704
3961,8,7,705
3962,1,14,706
3963,7,28,707
3964,13,17,708
3965,9,1,709
3966,5,19,710
3967,7,1,711
3968,6,21,712
3969,3,8,713
3970,3,12,713
3971,21,28,714
3972,6,27,715
3973,15,14,716
3974,1,25,717
3975,7,20,718
3976,17,26,719
3977,10,9,720
3978,8,19,721
3979,7,25,722
3980,4,29,723
3981,3,19,724
3982,9,10,725
3983,6,4,726
3984,9,7,727
3985,9,20,728
3986,10,6,729
3987,6,18,730
3988,3,6,731
3989,2,7,732
3990,2,27,732
3991,2,18,733
3992,6,8,734
3993,2,21,735
3994,4,14,736
3995,9,8,737
3996,6,9,738
3997,10,24,739
3998,2,23,740
3999,10,20,741
4000,6,2,742
4001,2,30,743
4002,9,6,744
4003,1,10,745
4004,6,5,746
4005,1,23,747
4006,2,14,748
4007,2,3,749
4008,9,21,750
4009,3,30,701
4010,10,9,702
4011,5,22,703
4012,2,6,704
4013,6,15,705
4014,4,22,706
4015,4,21,707
4016,10,11,708
4017,8,15,709
4018,7,3,710
4019,5,25,711
4020,4,25,712
4021,3,29,713
4022,10,2,714
4023,2,14,715
4024,3,20,716
4025,10,21,717
4026,8,7,718
4027,3,1,719
4028,2,30,720
4029,1,21,721
4030,8,21,722
4031,3,12,723
4032,3,29,724
4033,7,18,725
4034,1,14,726
4035,5,16,727
4036,6,17,727
4037,10,25,728
4038,14,3,729
4039,1,5,730
4040,6,7,731
4041,10,2,732
4042,2,22,733
4043,15,23,734
4044,9,14,735
4045,6,26,736
4046,4,21,737
4047,5,19,738
4048,10,14,739
4049,8,21,740
4050,4,15,741
4051,2,15,742
4052,7,6,743
4053,20,1,744
4054,3,5,745
4055,23,18,746
4056,7,30,747
4057,4,26,748
4058,10,9,749
4059,21,10,750
4060,2,29,701
4061,2,17,702
4062,9,30,703
4063,4,10,704
4064,6,8,705
4065,7,12,705
4066,7,11,706
4067,8,17,707
4068,9,28,708
4069,5,18,709
4070,7,18,710
4071,5,12,711
4072,1,9,712
4073,2,17,713
4074,4,7,714
4075,5,27,714
4076,7,11,715
4077,2,19,716
4078,3,5,717
4079,5,25,718
4080,2,13,719
4081,5,7,720
4082,6,27,720
4083,3,24,721
4084,18,4,722
4085,8,25,723
4086,4,9,724
4087,7,9,725
4088,6,10,726
4089,2,18,727
4090,8,23,728
4091,8,4,729
4092,8,2,730
4093,10,22,731
4094,16,19,732
4095,7,20,733
4096,4,1,734
4097,14,29,735
4098,1,23,736
4099,1,14,737
4100,20,3,738
4101,4,11,739
4102,8,5,740
4103,1,29,741
4104,6,6,742
4105,23,9,743
4106,15,3,744
4107,9,7,745
4108,11,27,745
4109,9,16,746
4110,9,14,747
4111,3,7,748
4112,3,27,748
4113,19,14,749
4114,6,15,750
4115,9,28,701
4116,6,14,702
4117,1,17,703
4118,10,19,704
4119,8,1,705
4120,1,9,706
4121,2,10,707
4122,8,13,708
4123,2,29,709
4124,7,10,710
4125,8,26,711
4126,12,13,712
4127,9,21,713
4128,6,10,714
4129,10,3,715
4130,5,6,716
4131,8,10,717
4132,18,30,718
4133,1,21,719
4134,8,6,720
4135,3,28,721
4136,7,6,722
4137,1,22,723
4138,12,14,724
4139,2,22,725
4140,4,5,726
4141,7,26,727
4142,10,16,728
4143,7,19,729
4144,8,9,730
4145,14,9,731
4146,8,1,732
4147,21,9,733
4148,8,19,734
4149,8,16,735
4150,10,17,735
4151,7,17,736
4152,2,22,737
4153,5,18,738
4154,2,5,739
4155,19,22,740
4156,3,3,741
4157,10,11,742
4158,18,10,743
4159,21,7,744
4160,21,27,744
4161,9,23,745
4162,6,13,746
4163,4,29,747
4164,2,3,748
4165,6,4,749
4166,7,14,750
4167,1,11,701
4168,9,20,702
4169,2,8,703
4170,10,24,704
4171,4,22,705
4172,1,16,706
4173,5,29,707
4174,3,8,708
4175,5,23,709
4176,5,15,710
4177,6,29,711
4178,9,16,712
4179,7,28,713
4180,9,17,714
4181,5,15,715
4182,7,17,716
4183,5,22,717
4184,18,10,718
4185,7,4,719
4186,4,25,720
4187,10,26,721
4188,4,15,722
4189,6,8,723
4190,1,1,724
4191,2,1,725
4192,10,18,726
4193,10,28,727
4194,10,8,728
4195,3,5,729
4196,10,21,730
4197,23,25,731
4198,2,24,732
4199,9,19,733
4200,8,20,734
4201,9,20,735
4202,5,11,736
4203,7,2,737
4204,13,22,738
4205,1,2,739
4206,9,7,740
4207,6,9,741
4208,22,29,742
4209,4,16,743
4210,10,25,744
4211,1,18,745
4212,20,24,746
4213,10,26,747
4214,13,16,748
4215,16,17,748
4216,9,16,749
4217,8,22,750
4218,1,18,701
4219,6,29,702
4220,5,26,703
4221,8,11,704
4222,2,5,705
4223,9,6,706
4224,5,26,707
4225,11,14,708
4226,6,24,709
4227,10,13,710
4228,3,22,711
4229,1,11,712
4230,7,19,713
4231,9,15,714
4232,5,26,715
4233,10,26,716
4234,6,26,717
4235,16,6,718
4236,7,27,719
4237,1,24,720
4238,2,20,721
4239,6,3,722
4240,9,2,723
4241,9,22,724
4242,1,5,725
4243,23,17,726
4244,3,30,727
4245,17,6,728
4246,2,14,729
4247,10,4,730
4248,15,16,731
4249,2,9,732
4250,8,30,733
4251,9,10,734
4252,15,5,735
4253,3,29,736
4254,3,6,737
4255,2,24,738
4256,1,19,739
4257,10,28,740
4258,9,14,741
4259,9,10,742
4260,6,8,743
4261,7,12,743
4262,4,22,744
4263,17,3,745
4264,7,11,746
4265,5,22,747
4266,8,19,748
4267,17,11,749
4268,5,19,750
4269,2,9,701
4270,2,28,702
4271,6,10,703
4272,5,3,704
4273,8,29,705
4274,16,7,706
4275,20,27,706
4276,9,5,707
4277,2,18,708
4278,8,27,709
4279,6,9,710
4280,6,24,711
4281,3,15,712
4282,10,24,713
4283,3,20,714
4284,5,28,715
4285,3,16,716
4286,6,11,717
4287,9,14,718
4288,2,7,719
4289,9,21,720
4290,4,9,721
4291,8,29,722
4292,2,15,723
4293,6,13,724
4294,9,7,725
4295,9,25,726
4296,10,15,727
4297,2,2,728
4298,10,24,729
4299,4,11,730
4300,5,20,731
